,T01,T02,T03,T04,T05,T06,T07,T08,T09,T10,T11,T12,T13,T14,T15,E01,E02,E03,E04,E05,E06,E07,E08,E09,E10,E11,E12,E13,E14,E15,S01,S02,S03,S04,S05,S06,S07,S08,S09,S10,S11,S12,S13,S14,S15,V01,V02,V03,V04,V05,V06,V07,V08,V09,V10,V11,V12,V13,V14,V15
T01,1.0,0.33748222630877056,-0.08952313560273736,-0.029950124653787463,0.2554515990385066,0.024063579633341173,0.2557853649145476,0.18464131764998867,0.08478350890221745,0.027488157032609227,0.0192997622885584,-0.2816042394186002,-0.13924332676237466,-0.09862797786191892,-0.04360566951004304,0.04675340446444028,0.1434847077031761,0.11370119076078876,0.09452404656430932,-0.05230728138673648,0.108524439243223,-0.04915879601789955,0.20026601570371474,0.0010547263486968797,-0.14411705078364476,-0.02811056885999737,0.22423270255036742,0.09128586999062802,0.04125931695822088,-0.12771050007169665,0.008647112746598927,-0.0034506236447549086,0.023280925736551702,-0.20135708909892297,-0.1412440156749826,-0.08817617974123694,0.02645416075282288,0.0036772474800726485,-0.04019124122486866,-0.028861378614345724,0.1396658233893178,0.10185775928769882,-0.10187595564100826,-0.08470692196863677,0.0552919349893322,-0.055167609880040956,-0.03617131975473453,-0.027435555296352505,-0.005514495117431075,-0.12911674576378138,-0.04269255952707488,-0.06426602833014403,0.011386761430647336,-0.12051021604771903,-0.025221734818150026,0.010430160389467268,-0.1582443260782327,-0.10258386230294547,-0.050706569292572515,-0.08138789960416357
T02,0.33748222630877056,1.0,-0.058209399462825356,0.3087097342937452,0.0458355458778634,0.2817796562788623,0.039838408556481325,0.14706299645965426,-0.1542303718982656,0.14004441376985483,0.048847467799072945,-0.012326232063131316,0.012906052772485662,0.12024156467507237,0.02458180374891964,0.13258012278987158,0.013735441872884896,-0.08394837924180319,0.15057928551060246,-0.22282638610739366,0.07546074209957507,0.09943624712371199,0.05741876614706278,0.07208862564335768,0.14940769534934176,0.013934473942512503,0.5312786652887105,0.020762698849802506,0.29977559439630125,0.059457573838531085,0.11797970701063763,0.003547666607837738,0.08663000120109982,0.07837182579957112,-0.005186295182246251,0.07474179951070574,0.1797211250592523,0.03669491267546026,0.11502701113128665,-0.12154780683637885,-0.13647780198912043,0.07111021491898711,0.12023844435423012,0.16823875650431203,0.23634106773903607,-0.0021130384370124863,0.27901642591195874,0.12844862726560316,0.030135093789623958,-0.10501235423814921,0.019788287786173593,-0.025680842176602846,0.11433817331843872,0.053336958975341985,0.14908990815571999,0.2186814262081514,0.11364129722801866,0.06267571910335473,0.06128491870565426,-0.10385765242897198
T03,-0.08952313560273736,-0.058209399462825356,1.0,0.006756720466300433,-0.058364819254825714,0.18382214102025393,0.10595755165360557,-0.10801442283322447,0.15257620701790237,0.1406251100218416,0.15682216806211324,0.2904382605235698,0.09949823716123823,0.17626311462550306,0.15819216199788613,-0.09931770767280823,0.0849398074272036,-0.040872891796709505,-0.3225691736917567,0.12544290115389756,-0.07192451351536013,0.21353110663029717,0.09483173024118635,-0.006024424331632491,0.09114945986691576,0.43524043109360877,0.10103861303785332,-0.08889316470279299,0.23577326952242209,0.16761695496977572,0.01822172189097766,0.2605029523835239,-0.046316597871397594,0.15224792502128395,0.1482661253868968,0.031776003150504877,0.07638635425017791,0.15081286410376432,0.14328360958815184,0.11222008724975348,0.1797606907380557,0.27197331645597334,0.02436969172170587,0.07132273384457226,0.14460761347317708,-0.047585618258444345,0.305623036868904,-0.04582581852688885,0.18760718338462246,0.11438756591109041,0.06285699726663918,0.36536805320782395,0.20755547831341045,0.36761608521574757,0.10109153877157351,0.008313889561279283,0.17671613635867267,0.06920653883104685,0.17989829455919817,0.20997519620278346
T04,-0.029950124653787463,0.3087097342937452,0.006756720466300433,1.0,0.054700788644761786,0.2496034193536414,-0.03555240324592382,0.14710732139975477,-0.10964729415573117,0.24278952119167235,-0.16802087004349273,0.16430067507603616,-0.003452737036350488,0.3106023646052554,0.24174969176654076,0.033191592099530196,0.02315271731632547,-0.10980026565170212,-0.06855714902490757,-0.010751687049971825,0.1050850726784005,0.23028470816035487,-0.003343606142118488,0.15993243555879086,0.40204466122910254,0.01785880390945631,0.33422441570423295,0.017642247631026592,0.36278777511582305,0.16745830126209982,0.11101522863678526,0.08931188371061867,0.16106859103688262,0.11418339116052115,0.014305280740323983,0.15086049548134234,0.126242662787628,-0.15914922192487904,0.17709870619898851,0.1114695114550782,-0.04358690743196446,0.13466284967634273,0.3070756529458279,0.2676162079173165,0.34267534427311225,0.08834605900861264,0.15706883391673415,0.25028667829759776,-0.06337875620123816,-0.14071172803852217,-0.10093042646765735,-0.02842993518144533,0.1977125744206862,0.1103370694109338,0.16710402927794207,0.02063149879639396,0.08975278880745818,0.15517879910567017,0.09744370373237667,0.14214141485606782
T05,0.2554515990385066,0.0458355458778634,-0.058364819254825714,0.054700788644761786,1.0,0.08056010659173525,0.2854474482762378,0.25162262750140135,0.0802915191852841,0.12940500111304187,0.0774740470984867,0.08896304434583303,-0.04492999967867457,0.08153344514757613,0.22973870912289993,0.05346865001535573,0.006477621764454426,-0.06642256308215017,0.05411237782120027,-0.13371044596794998,-0.10566124348663679,0.07106510142825706,-0.06193604676870392,-0.15415503732122499,0.13664633729156783,0.061144681868750564,0.1357408359517339,-0.06022223596783159,0.13664633729156778,0.11516484913648366,-0.02059527490975925,-0.04095451800799661,0.04022330520277488,-0.05570004663378845,0.2316221883555825,0.1514273546065038,0.33916859424079004,-0.0351355014938799,0.12930876974662545,0.21240878859544604,0.3578696989682933,0.23002679029322967,0.22291784560247618,0.014583795414032747,0.23429631167522666,0.22915717910717892,0.12172581564355987,-0.006563191011618939,0.03961450453332499,0.02267098031076582,0.25528999611525616,-0.027180104965604586,0.09000989527876198,0.014942859420880984,0.14416156598533275,0.1827014460913593,0.02857193642968877,0.06111155491486437,0.1151085752394519,0.1349988317161077
T06,0.024063579633341173,0.2817796562788623,0.18382214102025393,0.2496034193536414,0.08056010659173525,1.0,0.015902663662523,0.008852069544532354,0.07161795735978249,0.14320267801758724,0.15306066005586452,0.23341038333596004,0.055644562310757435,0.16869435827453283,0.1674509137261051,0.20406644772894675,-0.1294557750975164,-0.3021866881657298,0.12440350822720625,0.02046227993170401,0.2515353991886417,0.2025070715286841,0.1402569093203676,-0.030915652001561947,0.4402113585706435,0.20254068053782992,0.4583065726198032,-0.10946726774139802,0.4964498140708579,0.26357362170766474,0.02495081346614017,0.07292923229895497,0.07872710401235528,0.3583747095324005,0.05768511333919983,0.19229054681808372,0.37860587302509,-0.1371832472207056,0.1639971346975065,0.1568839691077134,-0.02007049442264949,0.15671872652575333,0.29327271642756036,0.28755865124903557,0.1909323114037135,-0.05521757688808721,0.28687978056649655,0.2531125169266736,0.12328135354886932,0.28164140711276003,0.1133857118281875,0.2196202067057283,0.07542332775137102,0.3991161831972665,0.20745192767376627,0.05551287994975838,0.28865657095637487,0.22931105283955455,0.2497486142866062,0.34087974646394004
T07,0.2557853649145476,0.039838408556481325,0.10595755165360557,-0.03555240324592382,0.2854474482762378,0.015902663662523,1.0,0.1504182301129751,0.23720952765653247,0.0967125919779791,0.18108695999857968,0.02161113090531942,-0.06477659908672039,0.15120148642340728,-0.045756915953662256,0.10031934447201678,0.07834916637493966,-0.02009619004258633,0.07735269484954753,0.002701229825751843,0.060704459837346,0.03886487048339218,0.008415693087796142,-0.0047545935219040734,-0.008251610720339938,0.1197473565781792,0.01335946942334144,-0.00549028263418603,0.03960773145763187,0.0038017475307070476,0.18532884407134617,0.19889296864766406,0.14369168193194246,0.003465676502542784,-0.02583708353371652,0.16364067960082754,0.27226400289510877,0.20460616508878568,0.2679006292899907,0.23521876807019246,0.22140921459894813,0.2520540796138828,0.21884374916798865,0.2034256225731217,0.21402952702282232,0.4518972860228749,0.24818081535559489,-0.053341008870349274,0.24019601797454299,0.09378063948079925,0.02518753166618585,0.13475937474010366,0.22669760740362507,-0.012795854934805015,0.16238317367392902,0.21679282274283024,0.07149304395329145,0.21997958149101712,0.22965075050936698,0.052275935649603957
T08,0.18464131764998867,0.14706299645965426,-0.10801442283322447,0.14710732139975477,0.25162262750140135,0.008852069544532354,0.1504182301129751,1.0,0.2509827565293872,0.10797435029611745,0.23533476072483644,0.1244856987123716,0.13214611925690517,0.13135117480935046,0.03506090499139387,-0.012084387046695845,0.20049412763487945,-0.021566479440247335,-0.09608555825184023,0.12351150092444119,0.16711084031825862,0.002634691121350833,-0.2304005879140532,-0.05663529934539354,-0.018467930696505642,-0.11388090177508653,0.15834658008786787,0.18923015748187832,0.0578898596832773,-0.11077549004890311,-0.016743174061338517,-0.05044765248903759,0.0536292067765217,0.0338415231866929,0.12954425105018344,0.11272416266272998,0.11332777484867844,0.04985821082383077,0.10412187077321254,0.11579407759513079,0.029040693581997415,0.13791082333116883,0.0944504343296498,-0.007278655556984747,0.040455318444676466,0.0666174619359397,0.01853543291113431,0.013218981018066359,0.02469366406388897,0.010885196063242647,-0.029869354265617598,0.03955691250790167,0.1018488394774838,-0.10896316869705325,0.15886352837253537,0.25887361731442793,0.07230536848406588,0.12118884925892734,-0.015376110244853181,-0.06020405668601387
T09,0.08478350890221745,-0.1542303718982656,0.15257620701790237,-0.10964729415573117,0.0802915191852841,0.07161795735978249,0.23720952765653247,0.2509827565293872,1.0,-0.1821722360655764,0.11526210546600574,-0.16771710546764998,-0.12503628199882275,-0.0938789314912188,-0.03311255018014133,0.003347984799332455,0.02730862482966399,-0.06163981835766212,0.13164591386489055,0.13298039986393842,0.17846201817951354,0.11585227798420829,-0.0907426354430434,-0.07285627702534975,-0.040819935612081214,-0.04232938971995073,0.031047546676299925,0.1405307310479041,0.15420864564564027,0.09019588736413037,0.010845510483994765,0.23960767804362415,0.015871037448312586,0.01884324231636191,-0.1339552541837215,0.013757196597665522,0.006666545956639303,0.24383279695125493,0.10072659303317584,0.2483573186756438,0.1258394286873533,0.20285418644610642,0.014458730562590812,-0.09033357984389455,-0.03832229165997713,0.11722464746965741,0.03372633461848087,0.06463638876571069,0.010725203167239766,0.25503325567842394,-0.0965887015228977,0.24642817741355522,0.060179140504165916,-0.001724151385003146,-0.09050521081679372,0.2323899978772089,-0.01707384442070598,-0.01518942143076723,0.19846997145875092,0.15851570906178966
T10,0.027488157032609227,0.14004441376985483,0.1406251100218416,0.24278952119167235,0.12940500111304187,0.14320267801758724,0.0967125919779791,0.10797435029611745,-0.1821722360655764,1.0,0.29781202735669887,0.44691359165224753,0.23614320480483264,0.3063769794224217,-0.03737211371476732,-0.01665954530758038,-0.028532299119279434,-0.15131550932108462,-0.05622229769013021,0.06699253303405919,-0.02900096485772258,0.16209641732729074,-0.04813304977269346,0.2642158913099593,0.2561227629534135,0.25098366644617165,0.14168349172877845,0.04589141183571483,0.18046001124900957,0.06791678552112689,0.11520361886112794,0.2567717954604966,0.07229654452198941,0.19344008675692018,0.4638673879654644,0.20670394302330578,0.15283882339323973,0.10853187998119186,0.19213544766053028,0.16864047043891495,0.06900684064213476,0.2910765005908441,0.14157488125119588,0.22294020992924332,0.24477050461998226,-0.06529516848027539,0.2651315290310405,0.07951824301933133,0.125850986140815,-0.06565942542104072,-0.016111834442350103,0.09934960481912151,0.16807475895716845,0.13885116337996298,0.28401794962523247,-0.08589565702417101,0.14905111483043912,0.24250426631628746,0.023806792181910917,0.10395400952609
T11,0.0192997622885584,0.048847467799072945,0.15682216806211324,-0.16802087004349273,0.0774740470984867,0.15306066005586452,0.18108695999857968,0.23533476072483644,0.11526210546600574,0.29781202735669887,1.0,0.3160712280037725,0.17665383267848506,0.08475389019892997,0.09567836007048529,-0.13889112134312845,-0.008329989140010008,-0.005952392429848195,-0.0029520638635024436,0.10355760219962405,0.1115902207854995,0.08726656475093132,0.1593230149576476,-0.0666325133658481,-0.08482513133654906,0.2386407695814715,0.15768029604034858,0.18358735031290202,0.16819697545935788,0.13570868449537343,0.20768783845774963,0.06390627599357764,0.23318881557768525,0.2521124320759311,0.31715797858652206,0.07513233075409977,0.12215465452314961,0.216628140602778,0.3258991677072729,0.3674370583517982,0.1608198883483766,0.3122931629105246,0.24359740609662361,0.43595301678913595,0.13766074556596467,0.00574887487474422,0.22392150919537823,0.21399870892747067,0.24813829526353384,0.054279737193477354,0.24043607348822071,0.23077588540015156,0.2632126354816074,0.13743651687515623,0.36886555780538505,0.19847508958768137,0.24875363789846977,0.22362707449150135,0.020075202361761704,0.2476330857238698
T12,-0.2816042394186002,-0.012326232063131316,0.2904382605235698,0.16430067507603616,0.08896304434583303,0.23341038333596004,0.02161113090531942,0.1244856987123716,-0.16771710546764998,0.44691359165224753,0.3160712280037725,1.0,0.4676150508242046,0.3827003387580608,0.1797049600983663,-0.1610739372300397,0.11564554871685066,-0.13689310648713204,-0.1111219706926924,-0.044882169956092,-0.1750054668016059,0.17947774165404756,-0.05954294706474299,-0.07680402677888493,0.30663380437784593,0.12617925448837478,0.10491102337752434,-0.12062326991976467,0.1731967029155069,0.10226970274192518,0.218892025414227,0.08701794526010506,0.24888151568137568,0.3075966712684575,0.38939367391054047,0.21577991309269262,0.16945929074732288,0.06362782615079886,0.17289223674744225,0.1717463128504974,0.06169298085015367,0.23829352351483038,0.4146664207434321,0.3206688902798081,0.33178078154443746,0.07735709641590709,0.3429118477117168,0.15316195505583544,0.228688364374692,0.030961481683536435,0.13901208885346214,0.07048819986857827,0.14940199754033864,0.2067305494313997,0.324228468070169,0.03747749898858488,0.18681258830522843,0.25120743478677854,-0.00655387178550715,0.22581869064398657
T13,-0.13924332676237466,0.012906052772485662,0.09949823716123823,-0.003452737036350488,-0.04492999967867457,0.055644562310757435,-0.06477659908672039,0.13214611925690517,-0.12503628199882275,0.23614320480483264,0.17665383267848506,0.4676150508242046,1.0,0.02607400371233997,0.013686980749506332,0.024136300287395045,0.03667973331598255,0.023076947259107358,-0.1395969727317888,0.16031186735078673,0.0837849994372777,0.18876015584989422,-0.053506980517147126,0.14184419817112187,0.21521553287240602,0.2143993384359733,0.05168711641811979,0.07001956152999612,0.046172974704164725,0.03351284134513944,0.07979909363568687,0.014581957732274544,0.16206505259264653,0.024634778805476126,0.20690520286824457,0.26756189185063933,-0.07353628525872787,0.16550973413812392,0.035231587828681535,0.1846699968022003,0.1393833424178215,0.16941390588340025,0.32089592557218377,0.1730280586929487,0.03902924336283217,-0.04265325636051876,0.1392072689757188,0.08828043696434694,0.11509661659131265,0.13769628346762458,0.3181317232731256,0.31205231508252673,0.31484220104665833,0.07143031950472863,0.292094335210002,0.14286736926538796,0.23203090972193846,0.20421476988706716,0.039506208780535054,0.19104572309980858
T14,-0.09862797786191892,0.12024156467507237,0.17626311462550306,0.3106023646052554,0.08153344514757613,0.16869435827453283,0.15120148642340728,0.13135117480935046,-0.0938789314912188,0.3063769794224217,0.08475389019892997,0.3827003387580608,0.02607400371233997,1.0,0.11553546806082508,-0.09930574693212964,0.006755053634657353,-0.2789151667033794,4.239089420334429e-17,0.03365676355246122,0.11792304129574409,0.14058645518422927,-0.03887987268384142,0.0015404633145155431,0.36818791830737807,-0.023865120311235968,0.08736631291637204,-0.11821433236181254,0.03246437924259063,0.0747275887617288,0.13668656414158017,0.07121359897008342,0.09517173317886826,0.18275135636275638,0.24239604621747163,0.29646184742740767,0.14452590359412287,0.05330898552347168,0.2335533230110918,0.18542014855831043,-0.14965995342642915,0.2149623848736827,0.19767165434324507,0.2855946475000752,0.2613096523423307,0.20750424207199683,0.4495008816269217,0.07333737071065238,0.10931788486084341,-0.1295440895212323,-0.1634678885139774,-0.07848765372470257,0.16178491745986384,0.1751153497755643,0.2566854911679487,0.20929030361510745,0.22924992582616535,0.3597321160801462,0.2028905048990649,0.02467326513493725
T15,-0.04360566951004304,0.02458180374891964,0.15819216199788613,0.24174969176654076,0.22973870912289993,0.1674509137261051,-0.045756915953662256,0.03506090499139387,-0.03311255018014133,-0.03737211371476732,0.09567836007048529,0.1797049600983663,0.013686980749506332,0.11553546806082508,1.0,-0.08374040071767774,-0.07552592126562507,0.019708838659848522,-0.11358001456726255,-0.10858366316916342,-0.06247806087353422,0.10214713352470635,0.13376009367629507,-0.21357277122250204,0.07888447099584339,-0.0011151792985974684,0.06021672041688843,-0.10554140462577125,0.05313258997084199,0.07961536433522329,-0.1097056460246638,-0.07720261131279112,-0.036520873378912515,-0.0797719680449862,0.04530713430785909,0.03470082359356329,0.10071768029746697,-0.029571640055546786,0.10583972094359675,0.1323783936418728,0.17716544281969404,-0.07255461035570163,0.16140238596495268,0.2738571316776084,0.24986505531748376,0.13102028586180092,0.13150892527095026,0.08042713520500443,0.16277165644976366,-0.08138513667130703,0.25255266623404515,-0.06431019076038624,0.11091668785252633,0.12043132737601508,0.0978358413960454,0.13561590345002034,0.037503054238871535,0.2029692046948864,0.12689293404582522,0.24880329070830198
E01,0.04675340446444028,0.13258012278987158,-0.09931770767280823,0.033191592099530196,0.05346865001535573,0.20406644772894675,0.10031934447201678,-0.012084387046695845,0.003347984799332455,-0.01665954530758038,-0.13889112134312845,-0.1610739372300397,0.024136300287395045,-0.09930574693212964,-0.08374040071767774,1.0,-0.31437286794899655,-0.13215027623514203,0.08511284851596686,0.39320801937713773,0.22358181837887373,0.18170645236914879,0.03253080827316789,0.42964474937113645,0.3161287906828895,0.09339245290208069,0.14796842364092816,0.18958886047917614,0.11389934370192344,0.12822206667443095,0.04197096334395361,0.2244655680103039,0.03826550519905203,0.11345558002516269,-0.015135553833739162,0.30035254066666517,0.3004665126473608,0.056374312690921524,0.20028286729620076,-0.013521609588014481,0.18079464658108194,0.1093073332394318,0.04600208519651742,0.05075386868200152,0.08056246588257007,0.10410378966368017,0.035286001659795695,0.08462982969032538,-0.0023088267273719885,0.23221133304227715,0.04818394694276075,0.2816997498959338,0.07959774469842769,0.14040195521413426,0.014811418188641068,0.10766735907539267,0.1509112171362844,-0.010392750390157681,0.26357132509855336,-0.05571508627268302
E02,0.1434847077031761,0.013735441872884896,0.0849398074272036,0.02315271731632547,0.006477621764454426,-0.1294557750975164,0.07834916637493966,0.20049412763487945,0.02730862482966399,-0.028532299119279434,-0.008329989140010008,0.11564554871685066,0.03667973331598255,0.006755053634657353,-0.07552592126562507,-0.31437286794899655,1.0,0.28462475159645717,-0.10567205115411876,-0.04511257924414331,0.025646233885377297,-0.19165680911032004,0.05455425927529828,-0.22867638083277456,-0.18798975404635895,-0.20196046821909763,0.010413707430050333,-0.039762251092946115,0.02092586678253267,-0.1861054443030178,-0.004320310414654164,0.027046615412786586,-0.17096631921595673,0.0636352178386854,0.03242541380844323,-0.08351919284849502,-0.20688271287789226,0.05138010260743091,-0.16948422232530078,-0.06814727874664797,-0.1934963635451732,-0.02897523316913743,-0.10491412748280508,-0.10930702468567047,-0.09464515096493209,-0.1071869680468839,-0.0005140877920747804,-0.07407589587353794,0.05468677412769918,-0.1637059957804575,-0.05170311898218355,-0.06378028303452982,-0.09091973022338816,-0.0359714542237819,0.019255614510243678,-0.1952327921289092,0.055681915550621755,-0.04282441108653394,-0.11797971291025612,0.018518981122798032
E03,0.11370119076078876,-0.08394837924180319,-0.040872891796709505,-0.10980026565170212,-0.06642256308215017,-0.3021866881657298,-0.02009619004258633,-0.021566479440247335,-0.06163981835766212,-0.15131550932108462,-0.005952392429848195,-0.13689310648713204,0.023076947259107358,-0.2789151667033794,0.019708838659848522,-0.13215027623514203,0.28462475159645717,1.0,-0.27602741111931334,-0.24032835238632305,-0.07916113459728766,-0.2968412227959627,0.06612212483371117,0.036883820503217445,-0.4403903433474597,-0.2793461234989542,-0.27715409864002777,0.04397691189952135,-0.11355547821871295,-0.15530238837177976,-0.0078106477411777,-0.0019152557102137537,-0.01573442372625717,-0.19495682628917982,-0.22957677858940162,-0.2923336690921919,-0.18137394734121792,-0.11938102850275943,-0.2572351701865045,-0.06172133998483677,-0.13254714960341957,-0.1733133912576154,-0.21925687353501444,-0.23318878215194483,0.04848245330024819,-0.10269686006141636,-0.13433399613932323,-0.04354639797401293,-0.06559103635390531,-0.24209764218101965,0.028812437830511066,-0.14071891698224331,-0.13919187732456587,-0.15363807346647637,-0.06270973121996742,-0.047244722173494284,0.05439348319299007,-0.17705431684646442,-0.16751312739806185,-0.08525025107829819
E04,0.09452404656430932,0.15057928551060246,-0.3225691736917567,-0.06855714902490757,0.05411237782120027,0.12440350822720625,0.07735269484954753,-0.09608555825184023,0.13164591386489055,-0.05622229769013021,-0.0029520638635024436,-0.1111219706926924,-0.1395969727317888,4.239089420334429e-17,-0.11358001456726255,0.08511284851596686,-0.10567205115411876,-0.27602741111931334,1.0,0.11895488193071936,0.0811274662540469,0.22118358622361048,0.018025260147431207,-0.04336841031689905,0.27030499779535894,-0.13494663131515805,0.19886110542861352,-0.045731091449939906,0.11305157354602245,0.09720704433038416,-0.0770031373819217,-0.046075335112361816,0.10256334745818178,0.11329805226741634,-0.06752929929136345,0.3082121949415388,0.026402160669648195,0.009333435965396545,0.17465942029724368,-7.414700061928667e-18,0.13208257399208378,-0.005939742666086755,0.12329976628475779,0.19240847597780025,0.045851802074939926,0.11211616352657981,0.1150497546566598,0.003146644667661398,-0.05826136142959419,0.20397286443627535,0.08774322397655403,0.10653788619112234,0.10152694280919698,0.20466597505934356,0.12520941409624292,0.2212003502057551,0.07318101442263687,0.21209529058682328,0.15788011956148243,0.108954797181902
E05,-0.05230728138673648,-0.22282638610739366,0.12544290115389756,-0.010751687049971825,-0.13371044596794998,0.02046227993170401,0.002701229825751843,0.12351150092444119,0.13298039986393842,0.06699253303405919,0.10355760219962405,-0.044882169956092,0.16031186735078673,0.03365676355246122,-0.10858366316916342,0.39320801937713773,-0.04511257924414331,-0.24032835238632305,0.11895488193071936,1.0,0.34180335914900917,0.2577206156240926,0.08611647265731229,0.21177467648440543,0.2593899305173973,0.16522996834278314,0.03360068414752404,0.13350264456557082,0.12668456182558907,0.189915747389161,-0.07525732080702154,0.14118040429566253,-0.029733039815067433,0.07840546847187149,0.17460644093716932,0.3509975501077333,0.15864606974032605,0.1090582344687353,0.22397681168852845,0.13194267685355957,0.18507369530982196,0.20082375799592336,0.10704841706469762,0.012449340587264842,-0.027463110848845666,0.123023640829975,0.09487722496187158,0.006805987227891101,0.01729234448881876,0.19991387342775802,-0.04502910328526677,0.369758486233182,0.18875789101050827,0.1348394617604792,0.14716921707310365,0.029898868545189985,0.30048343479007067,0.13291455292794757,0.13612882712618155,0.14802951937156292
E06,0.108524439243223,0.07546074209957507,-0.07192451351536013,0.1050850726784005,-0.10566124348663679,0.2515353991886417,0.060704459837346,0.16711084031825862,0.17846201817951354,-0.02900096485772258,0.1115902207854995,-0.1750054668016059,0.0837849994372777,0.11792304129574409,-0.06247806087353422,0.22358181837887373,0.025646233885377297,-0.07916113459728766,0.0811274662540469,0.34180335914900917,1.0,0.11986152984001953,0.17833749118254116,0.14946617342420826,0.19203937652820136,-0.004280172920762223,0.07287737001397912,0.2258035175033091,0.19203937652820138,0.0966703749759043,0.020112546253757344,-0.010734177089512884,-0.11582813296232396,0.20441376447871235,-0.06400868987898548,0.12434031426020803,0.20947206767976956,0.025440889590559033,0.09034662838111633,0.3461953095051682,-0.04033827953976855,0.04286608821196887,0.08204187848050544,0.14697644242876473,0.00839468481973027,0.052755236407351365,0.08018073921843094,0.006462523313859215,0.0024177051793559815,-0.04630057956858445,-0.11508886431121924,0.10000295172454568,0.10381457425917431,0.16681125611546962,0.09033579900742021,0.18077953076210956,0.09761206728325528,0.13926128977713587,0.03894960226415771,0.06918206283151485
E07,-0.04915879601789955,0.09943624712371199,0.21353110663029717,0.23028470816035487,0.07106510142825706,0.2025070715286841,0.03886487048339218,0.002634691121350833,0.11585227798420829,0.16209641732729074,0.08726656475093132,0.17947774165404756,0.18876015584989422,0.14058645518422927,0.10214713352470635,0.18170645236914879,-0.19165680911032004,-0.2968412227959627,0.22118358622361048,0.2577206156240926,0.11986152984001953,1.0,0.0761067875762482,0.2694611401850955,0.5186378916640436,0.31539275981807596,0.3880882108108541,0.11868157969136409,0.4294208939877769,0.3536426998441075,0.2725808640842252,0.23815648636905118,0.25245664075899704,0.20476326449435073,0.11950742607470397,0.4175767295816575,0.2139254169190753,0.0948207764342407,0.36122189164987245,0.20547629757861424,0.42718591067976963,0.14369655896164563,0.21756092224404355,0.347511300207439,0.28787711011728057,0.1788394989645452,0.22445817709393096,0.04907278468844975,0.022148743768045646,0.22194171278934163,0.1794494377130837,0.4640892142916737,0.41324458626604293,0.3633519672670928,0.27436624610693955,0.3313808546017896,0.2933541022274586,0.29454207437032787,0.38092435853972584,0.24637492922490212
E08,0.20026601570371474,0.05741876614706278,0.09483173024118635,-0.003343606142118488,-0.06193604676870392,0.1402569093203676,0.008415693087796142,-0.2304005879140532,-0.0907426354430434,-0.04813304977269346,0.1593230149576476,-0.05954294706474299,-0.053506980517147126,-0.03887987268384142,0.13376009367629507,0.03253080827316789,0.05455425927529828,0.06612212483371117,0.018025260147431207,0.08611647265731229,0.17833749118254116,0.0761067875762482,1.0,0.007104768519311368,0.09028726600073671,0.3142639888592853,0.24057229572565805,0.1421221456987315,0.15675693700727011,0.330249169365707,0.2426237397077365,0.0862403093872985,-0.05835661747607925,0.0018514353892212032,0.025488347366709477,0.13009348850580674,0.1795622257375136,0.1892809255099655,0.11441371061608474,0.07793103189106844,0.06908940293142354,-0.03310065198976993,-0.0197715256055609,0.26059344363051434,0.27407190601906445,0.08837298559955198,0.30098490968106634,0.3312386285961986,0.1959664970426014,-0.007051620038248058,0.10858368892862053,0.12807306112609218,0.18687790310970853,0.34262258424038633,0.24894148957080625,-0.003355730188248745,0.2006350290720788,0.07349193470272526,0.12627515337290543,0.13931282010933294
E09,0.0010547263486968797,0.07208862564335768,-0.006024424331632491,0.15993243555879086,-0.15415503732122499,-0.030915652001561947,-0.0047545935219040734,-0.05663529934539354,-0.07285627702534975,0.2642158913099593,-0.0666325133658481,-0.07680402677888493,0.14184419817112187,0.0015404633145155431,-0.21357277122250204,0.42964474937113645,-0.22867638083277456,0.036883820503217445,-0.04336841031689905,0.21177467648440543,0.14946617342420826,0.2694611401850955,0.007104768519311368,1.0,0.2331849758419425,0.21938772869479573,0.14954547276722943,0.27354225534599297,0.02634581779277229,0.08414900918923386,0.25139114464817114,0.34131095517063603,0.20251776337002023,0.11919229444418272,0.1050856232163807,0.0680728929395416,0.13234780759714543,0.28967760490548733,0.1534571875684419,0.09228024628266722,0.07542175527466852,0.2641857928844632,0.059300406647505854,0.18164904201448467,0.17326632775241607,-0.005415397499617288,-0.12789144737518493,0.02712546203514745,-0.07249634705971017,0.11692375669099843,-0.0961165299978121,0.28951332453722867,0.202202253214023,0.06623581546784477,0.12660236648392334,0.12129093691909557,0.21497167500148026,0.08769724874398473,0.23575543509507543,0.1546358525703365
E10,-0.14411705078364476,0.14940769534934176,0.09114945986691576,0.40204466122910254,0.13664633729156783,0.4402113585706435,-0.008251610720339938,-0.018467930696505642,-0.040819935612081214,0.2561227629534135,-0.08482513133654906,0.30663380437784593,0.21521553287240602,0.36818791830737807,0.07888447099584339,0.3161287906828895,-0.18798975404635895,-0.4403903433474597,0.27030499779535894,0.2593899305173973,0.19203937652820136,0.5186378916640436,0.09028726600073671,0.2331849758419425,1.0,0.27560643658572154,0.4398037313220629,0.07749491315315862,0.47214561500275787,0.4715282267485892,0.15240140937164312,0.18049919592054087,0.03535564289818911,0.23725868725868723,0.279459592595114,0.5146890829972741,0.38846005542987655,-0.02099503921207302,0.3566990957104109,0.22136353557447686,0.2654470069947011,0.24124200900178752,0.34295336217643557,0.4246261125169582,0.40387935689758686,0.24703685505197856,0.41846363273666337,0.17484608540300503,0.148195235448552,0.16660377660615402,0.11764406603371827,0.30549903104258574,0.24172006008176244,0.4646937315830113,0.2434107823793029,0.24372463394443394,0.2907009925513833,0.4265972467109221,0.4102814960208012,0.3172836034339104
E11,-0.02811056885999737,0.013934473942512503,0.43524043109360877,0.01785880390945631,0.061144681868750564,0.20254068053782992,0.1197473565781792,-0.11388090177508653,-0.04232938971995073,0.25098366644617165,0.2386407695814715,0.12617925448837478,0.2143993384359733,-0.023865120311235968,-0.0011151792985974684,0.09339245290208069,-0.20196046821909763,-0.2793461234989542,-0.13494663131515805,0.16522996834278314,-0.004280172920762223,0.31539275981807596,0.3142639888592853,0.21938772869479573,0.27560643658572154,1.0,0.35097969597677847,0.1369880625895742,0.3283627841829883,0.4199126809727567,0.16314706369404955,0.22084417325241756,0.07871129157939363,0.10951490087432629,0.24351044824204535,0.22379117241941815,0.2857086399144019,0.28110721018893553,0.26814371352965366,0.28601191741151,0.37027992249994407,0.3167146828114013,0.14544253579339966,0.21000629721530537,0.060301565000143775,0.16568402299339186,0.2944882965590932,0.13808311917830743,0.1872228912058506,0.2539808675730149,0.22023117325291136,0.5312190306088781,0.41097764342428,0.4127286587034987,0.2627193921568633,0.08058314459252885,0.17827475253007077,0.12611978915103314,0.3243747263026443,0.25940824542923946
E12,0.22423270255036742,0.5312786652887105,0.10103861303785332,0.33422441570423295,0.1357408359517339,0.4583065726198032,0.01335946942334144,0.15834658008786787,0.031047546676299925,0.14168349172877845,0.15768029604034858,0.10491102337752434,0.05168711641811979,0.08736631291637204,0.06021672041688843,0.14796842364092816,0.010413707430050333,-0.27715409864002777,0.19886110542861352,0.03360068414752404,0.07287737001397912,0.3880882108108541,0.24057229572565805,0.14954547276722943,0.4398037313220629,0.35097969597677847,1.0,0.15745032897587855,0.4398037313220628,0.3193734642252701,0.1809524910923673,0.11783493582605119,0.21510193854662868,0.25941722629250596,0.015072890834688471,0.22679076246873664,0.30953141083288654,0.1293898693861344,0.261480570632253,0.15406577730392867,0.15467848487172492,0.22152989012284616,0.3053638694612012,0.33205972803094924,0.21528094944422996,0.0686670157808901,0.30737798568872376,0.33572358676223657,0.10473019744234778,0.19570735414271126,0.15014903502100463,0.3402819003815993,0.2555059511412738,0.2687723368033222,0.24410916273238287,0.20060994322767717,0.23732330876042082,0.09656308403955785,0.3645195963520381,0.2595400364426683
E13,0.09128586999062802,0.020762698849802506,-0.08889316470279299,0.017642247631026592,-0.06022223596783159,-0.10946726774139802,-0.00549028263418603,0.18923015748187832,0.1405307310479041,0.04589141183571483,0.18358735031290202,-0.12062326991976467,0.07001956152999612,-0.11821433236181254,-0.10554140462577125,0.18958886047917614,-0.039762251092946115,0.04397691189952135,-0.045731091449939906,0.13350264456557082,0.2258035175033091,0.11868157969136409,0.1421221456987315,0.27354225534599297,0.07749491315315862,0.1369880625895742,0.15745032897587855,1.0,0.05949746064491138,0.09738811588786375,0.20837554710381176,0.28343550288357616,-0.0072792595135741985,0.12448793140837366,-0.022819818638171657,-0.050165040919148605,0.1472981804442953,0.24758712778621375,0.1138542882849953,0.1807050988953011,0.08215060359730515,0.09652341781316807,-0.026104980469965795,0.11385197711672282,0.08851260521085752,-0.17221249774726935,-0.08943199353484113,-0.004336062780344613,0.034063097256784816,-0.10056813906582122,0.1736869627284115,0.18919483414699087,0.19488167433399803,0.061955550145705925,0.07835759189504332,0.02651115135161887,0.07339310997060346,-0.10235542177780528,0.06864931110028391,0.03706326793808004
E14,0.04125931695822088,0.29977559439630125,0.23577326952242209,0.36278777511582305,0.13664633729156778,0.4964498140708579,0.03960773145763187,0.0578898596832773,0.15420864564564027,0.18046001124900957,0.16819697545935788,0.1731967029155069,0.046172974704164725,0.03246437924259063,0.05313258997084199,0.11389934370192344,0.02092586678253267,-0.11355547821871295,0.11305157354602245,0.12668456182558907,0.19203937652820138,0.4294208939877769,0.15675693700727011,0.02634581779277229,0.47214561500275787,0.3283627841829883,0.4398037313220628,0.05949746064491138,1.0,0.6041812767958883,0.1710716674997932,0.32296983141024194,0.13147879702764068,0.338030888030888,0.1104237787658562,0.3090025868063561,0.3334050136277645,-0.02099503921207302,0.3263111072656027,0.3143890587702481,0.3206295389147463,0.20308794124223079,0.20428438072322153,0.2699696679120744,0.32608848412447955,0.07830275590968411,0.41721957296554657,0.2286634711872069,0.11039038283776414,0.19546249929895726,0.10089139974627666,0.29265298409380097,0.22523102196364164,0.4547221538442628,0.22424524089421796,0.13080216850593052,0.2927003784050014,0.14526590888162172,0.29280691094435285,0.27662992034457395
E15,-0.12771050007169665,0.059457573838531085,0.16761695496977572,0.16745830126209982,0.11516484913648366,0.26357362170766474,0.0038017475307070476,-0.11077549004890311,0.09019588736413037,0.06791678552112689,0.13570868449537343,0.10226970274192518,0.03351284134513944,0.0747275887617288,0.07961536433522329,0.12822206667443095,-0.1861054443030178,-0.15530238837177976,0.09720704433038416,0.189915747389161,0.0966703749759043,0.3536426998441075,0.330249169365707,0.08414900918923386,0.4715282267485892,0.4199126809727567,0.3193734642252701,0.09738811588786375,0.6041812767958883,1.0,0.2003420553163912,0.08701727802059349,0.14904738949255736,0.17957716056690412,0.1481501226932562,0.2777609885120809,0.43444677776971896,0.2299291875933482,0.3177608988234724,0.2242872552285669,0.33533555699339196,0.15387226397732223,0.05140467930733446,0.23014446713303233,0.29805329090679433,0.24190343197895298,0.40323963975331445,0.2544569805332936,0.14796501493209674,0.3004756049172715,0.21350694509956694,0.2722984535550905,0.2589145412334894,0.34669023333972276,0.132667477667725,0.25587874433535013,0.28060013632169395,0.17174134053517653,0.4134574092958926,0.3817709867538329
S01,0.008647112746598927,0.11797970701063763,0.01822172189097766,0.11101522863678526,-0.02059527490975925,0.02495081346614017,0.18532884407134617,-0.016743174061338517,0.010845510483994765,0.11520361886112794,0.20768783845774963,0.218892025414227,0.07979909363568687,0.13668656414158017,-0.1097056460246638,0.04197096334395361,-0.004320310414654164,-0.0078106477411777,-0.0770031373819217,-0.07525732080702154,0.020112546253757344,0.2725808640842252,0.2426237397077365,0.25139114464817114,0.15240140937164312,0.16314706369404955,0.1809524910923673,0.20837554710381176,0.1710716674997932,0.2003420553163912,1.0,0.3180822067749559,0.545676519134437,0.22629746078572993,0.12985686389030954,0.08803562030965786,0.25702890843348686,0.29705745040644066,0.24949874151769896,0.14940697888183477,0.09901039663749905,0.2901046896165919,0.10011364830701798,0.4488344070705551,0.39225960222705286,0.20340357979990042,0.19612830259027422,0.16386396054905997,0.08466110804995026,0.015785578241452058,0.13572918447453614,0.1540579174066042,0.12217432505299719,0.17426685029037203,0.1386460850276048,0.21238285615542973,0.158295069117923,0.13973114680853999,0.11374001198552582,0.11964916458817677
S02,-0.0034506236447549086,0.003547666607837738,0.2605029523835239,0.08931188371061867,-0.04095451800799661,0.07292923229895497,0.19889296864766406,-0.05044765248903759,0.23960767804362415,0.2567717954604966,0.06390627599357764,0.08701794526010506,0.014581957732274544,0.07121359897008342,-0.07720261131279112,0.2244655680103039,0.027046615412786586,-0.0019152557102137537,-0.046075335112361816,0.14118040429566253,-0.010734177089512884,0.23815648636905118,0.0862403093872985,0.34131095517063603,0.18049919592054087,0.22084417325241756,0.11783493582605119,0.28343550288357616,0.32296983141024194,0.08701727802059349,0.3180822067749559,1.0,0.2879368539997675,0.38885567701793117,0.03439739083903329,0.386370476307073,0.1069059903045179,0.2752038344335432,0.3793661540298325,0.2068448938856898,0.14060897654023224,0.3515983089866451,0.2394147599024189,0.22223657525287646,0.4001301390379165,-0.0864645152747237,0.17205288940270538,0.19766807304112405,0.22061365368623823,0.3086461281972888,0.07035001083942458,0.30868884756195514,0.21360592708278847,0.25746505900312955,0.4188486432501,0.09601755048206483,0.26657583721761374,0.08669032256444224,0.18556763381401642,0.14329088805974377
S03,0.023280925736551702,0.08663000120109982,-0.046316597871397594,0.16106859103688262,0.04022330520277488,0.07872710401235528,0.14369168193194246,0.0536292067765217,0.015871037448312586,0.07229654452198941,0.23318881557768525,0.24888151568137568,0.16206505259264653,0.09517173317886826,-0.036520873378912515,0.03826550519905203,-0.17096631921595673,-0.01573442372625717,0.10256334745818178,-0.029733039815067433,-0.11582813296232396,0.25245664075899704,-0.05835661747607925,0.20251776337002023,0.03535564289818911,0.07871129157939363,0.21510193854662868,-0.0072792595135741985,0.13147879702764068,0.14904738949255736,0.545676519134437,0.2879368539997675,1.0,0.27672419750876376,0.010378504382828961,0.21443689507168082,0.07757935693667059,0.10444669341112875,0.29197644077047014,0.2224891021156409,0.07318320388170335,0.26474893606553973,0.3688705142368026,0.23658134807418327,0.3167209521375769,0.2728523040724729,0.08232824322280494,0.3607375889588605,0.11514916583728615,0.22695390454900277,0.17931965860416885,0.1514305753029047,0.1514481852449457,0.003816264142117621,0.25362137525005374,0.35227465888808995,0.10943852702337518,0.08587551433881428,0.005928934803752842,0.20179429568570398
S04,-0.20135708909892297,0.07837182579957112,0.15224792502128395,0.11418339116052115,-0.05570004663378845,0.3583747095324005,0.003465676502542784,0.0338415231866929,0.01884324231636191,0.19344008675692018,0.2521124320759311,0.3075966712684575,0.024634778805476126,0.18275135636275638,-0.0797719680449862,0.11345558002516269,0.0636352178386854,-0.19495682628917982,0.11329805226741634,0.07840546847187149,0.20441376447871235,0.20476326449435073,0.0018514353892212032,0.11919229444418272,0.23725868725868723,0.10951490087432629,0.25941722629250596,0.12448793140837366,0.338030888030888,0.17957716056690412,0.22629746078572993,0.38885567701793117,0.27672419750876376,1.0,0.21262244321894763,0.3155987399600649,0.2590917728463647,0.12898840241100235,0.394882404423493,0.3375861966564891,0.03529779196954626,0.31758310469426554,0.2679605394480019,0.43883514125678824,0.17402952155438337,0.02485412130965878,0.21584557171695035,0.23492386895936987,0.17001029402232504,0.37807989618541354,-0.0029250271297524607,0.3079344587590116,0.16531831062314412,0.42476408546614053,0.2842827291665543,0.08955569043499197,0.21709603447899556,0.2817270365486368,0.29329423004270655,0.29358734186739865
S05,-0.1412440156749826,-0.005186295182246251,0.1482661253868968,0.014305280740323983,0.2316221883555825,0.05768511333919983,-0.02583708353371652,0.12954425105018344,-0.1339552541837215,0.4638673879654644,0.31715797858652206,0.38939367391054047,0.20690520286824457,0.24239604621747163,0.04530713430785909,-0.015135553833739162,0.03242541380844323,-0.22957677858940162,-0.06752929929136345,0.17460644093716932,-0.06400868987898548,0.11950742607470397,0.025488347366709477,0.1050856232163807,0.279459592595114,0.24351044824204535,0.015072890834688471,-0.022819818638171657,0.1104237787658562,0.1481501226932562,0.12985686389030954,0.03439739083903329,0.010378504382828961,0.21262244321894763,1.0,0.20542546225454061,0.33519639735231205,0.16461636031795152,0.272606076006517,0.09778024140774094,0.15081461290643033,0.25657998726777603,0.14816255473774465,0.28556558793920617,0.10314478889716644,0.16068682539462548,0.13442518421154456,0.08292112696872468,0.22665455690481845,0.17119239033040448,0.20898073355422825,0.0860835681666884,0.10809100073376396,0.29332465872032265,0.1940877537322625,0.16131478169340846,0.2632530904997343,0.29962979790834365,0.14810515775757335,0.20459511690160623
S06,-0.08817617974123694,0.07474179951070574,0.031776003150504877,0.15086049548134234,0.1514273546065038,0.19229054681808372,0.16364067960082754,0.11272416266272998,0.013757196597665522,0.20670394302330578,0.07513233075409977,0.21577991309269262,0.26756189185063933,0.29646184742740767,0.03470082359356329,0.30035254066666517,-0.08351919284849502,-0.2923336690921919,0.3082121949415388,0.3509975501077333,0.12434031426020803,0.4175767295816575,0.13009348850580674,0.0680728929395416,0.5146890829972741,0.22379117241941815,0.22679076246873664,-0.050165040919148605,0.3090025868063561,0.2777609885120809,0.08803562030965786,0.386370476307073,0.21443689507168082,0.3155987399600649,0.20542546225454061,1.0,0.3170541363219405,0.05388478578276493,0.49303081736134274,0.27174648819470293,0.19493322050761297,0.22604228751512112,0.25779208362858647,0.2742296281957243,0.31108886167552824,0.3067559119021789,0.4014367216456966,0.18978652092578968,0.2786448753924378,0.44021013910161105,0.15152900907976322,0.36558244813913143,0.394170432364829,0.4008054248955711,0.5003474580286925,0.47360587443450075,0.3161794137735687,0.4168682283044121,0.3420558602710883,0.1801268419188378
S07,0.02645416075282288,0.1797211250592523,0.07638635425017791,0.126242662787628,0.33916859424079004,0.37860587302509,0.27226400289510877,0.11332777484867844,0.006666545956639303,0.15283882339323973,0.12215465452314961,0.16945929074732288,-0.07353628525872787,0.14452590359412287,0.10071768029746697,0.3004665126473608,-0.20688271287789226,-0.18137394734121792,0.026402160669648195,0.15864606974032605,0.20947206767976956,0.2139254169190753,0.1795622257375136,0.13234780759714543,0.38846005542987655,0.2857086399144019,0.30953141083288654,0.1472981804442953,0.3334050136277645,0.43444677776971896,0.25702890843348686,0.1069059903045179,0.07757935693667059,0.2590917728463647,0.33519639735231205,0.3170541363219405,1.0,0.07464808636792511,0.4961555505976747,0.23602236151031528,0.3134433965386191,0.26473324556275285,0.26858311453894673,0.3836445644919242,0.3934592944932425,0.4031283450864792,0.4773074850624721,0.23518161280882766,0.39479880246501164,0.32752322157253483,0.25853613820656574,0.2741292569715109,0.2672689355657636,0.44041006847504477,0.32431803886298366,0.31253507951402326,0.4119648765436751,0.3737777035015489,0.44609406270773383,0.31156447022457073
S08,0.0036772474800726485,0.03669491267546026,0.15081286410376432,-0.15914922192487904,-0.0351355014938799,-0.1371832472207056,0.20460616508878568,0.04985821082383077,0.24383279695125493,0.10853187998119186,0.216628140602778,0.06362782615079886,0.16550973413812392,0.05330898552347168,-0.029571640055546786,0.056374312690921524,0.05138010260743091,-0.11938102850275943,0.009333435965396545,0.1090582344687353,0.025440889590559033,0.0948207764342407,0.1892809255099655,0.28967760490548733,-0.02099503921207302,0.28110721018893553,0.1293898693861344,0.24758712778621375,-0.02099503921207302,0.2299291875933482,0.29705745040644066,0.2752038344335432,0.10444669341112875,0.12898840241100235,0.16461636031795152,0.05388478578276493,0.07464808636792511,1.0,0.306546018325248,0.09737074937110166,0.09447983557854621,0.2852195963573421,-0.03417780785633833,0.24681796734927422,0.1147859613692608,0.05837119358374296,0.08178704291329775,0.08508063563603122,0.013215727024035645,0.170393806295945,-0.017289112308420406,0.22256966005660941,0.12882559143323194,0.03586255144100226,0.15507122165605108,0.04299798033895379,0.06623565653347464,-0.006943774745378877,0.21575422153480142,0.17948957088600528
S09,-0.04019124122486866,0.11502701113128665,0.14328360958815184,0.17709870619898851,0.12930876974662545,0.1639971346975065,0.2679006292899907,0.10412187077321254,0.10072659303317584,0.19213544766053028,0.3258991677072729,0.17289223674744225,0.035231587828681535,0.2335533230110918,0.10583972094359675,0.20028286729620076,-0.16948422232530078,-0.2572351701865045,0.17465942029724368,0.22397681168852845,0.09034662838111633,0.36122189164987245,0.11441371061608474,0.1534571875684419,0.3566990957104109,0.26814371352965366,0.261480570632253,0.1138542882849953,0.3263111072656027,0.3177608988234724,0.24949874151769896,0.3793661540298325,0.29197644077047014,0.394882404423493,0.272606076006517,0.49303081736134274,0.4961555505976747,0.306546018325248,1.0,0.29059492084451627,0.44671614626407025,0.3631045997207995,0.4198841470336125,0.5244144490415517,0.3616866955994107,0.24507289318615044,0.34414905655916417,0.4296047844155081,0.3864133653247542,0.28924732077132204,0.27517153318368154,0.31973676564496284,0.27537592810446404,0.48741155430850835,0.4130200878525576,0.36970594585276656,0.3664304878356129,0.4161879042558337,0.4713928304127725,0.3352208498986876
S10,-0.028861378614345724,-0.12154780683637885,0.11222008724975348,0.1114695114550782,0.21240878859544604,0.1568839691077134,0.23521876807019246,0.11579407759513079,0.2483573186756438,0.16864047043891495,0.3674370583517982,0.1717463128504974,0.1846699968022003,0.18542014855831043,0.1323783936418728,-0.013521609588014481,-0.06814727874664797,-0.06172133998483677,-7.414700061928667e-18,0.13194267685355957,0.3461953095051682,0.20547629757861424,0.07793103189106844,0.09228024628266722,0.22136353557447686,0.28601191741151,0.15406577730392867,0.1807050988953011,0.3143890587702481,0.2242872552285669,0.14940697888183477,0.2068448938856898,0.2224891021156409,0.3375861966564891,0.09778024140774094,0.27174648819470293,0.23602236151031528,0.09737074937110166,0.29059492084451627,1.0,0.23151940842193608,0.42802388032549005,0.368278616094999,0.2949831384561952,0.18900317568397884,0.22981071416469576,0.2536302393498209,0.08983749300987467,0.2833192709729069,0.22482042600909982,0.1996762482422238,0.32509118968327916,0.4447598492631407,0.27076189628440805,0.2890880782884091,0.4023331070709097,0.045119052527573644,0.17634299193341604,0.1757977727262328,0.44140789727462393
S11,0.1396658233893178,-0.13647780198912043,0.1797606907380557,-0.04358690743196446,0.3578696989682933,-0.02007049442264949,0.22140921459894813,0.029040693581997415,0.1258394286873533,0.06900684064213476,0.1608198883483766,0.06169298085015367,0.1393833424178215,-0.14965995342642915,0.17716544281969404,0.18079464658108194,-0.1934963635451732,-0.13254714960341957,0.13208257399208378,0.18507369530982196,-0.04033827953976855,0.42718591067976963,0.06908940293142354,0.07542175527466852,0.2654470069947011,0.37027992249994407,0.15467848487172492,0.08215060359730515,0.3206295389147463,0.33533555699339196,0.09901039663749905,0.14060897654023224,0.07318320388170335,0.03529779196954626,0.15081461290643033,0.19493322050761297,0.3134433965386191,0.09447983557854621,0.44671614626407025,0.23151940842193608,1.0,0.24044504446976867,0.27401948154739,0.2870884817967567,0.16303403527289442,0.20781553507009973,0.1908030860598953,0.056070889450341714,0.17692604638158158,0.19810112015089507,0.4337648840150036,0.32400985911442853,0.26315768811315193,0.25419499840406,0.07499710198089928,0.22432633398271012,0.1802575857248436,0.20206609990278923,0.34841362697036926,0.2720099360500601
S12,0.10185775928769882,0.07111021491898711,0.27197331645597334,0.13466284967634273,0.23002679029322967,0.15671872652575333,0.2520540796138828,0.13791082333116883,0.20285418644610642,0.2910765005908441,0.3122931629105246,0.23829352351483038,0.16941390588340025,0.2149623848736827,-0.07255461035570163,0.1093073332394318,-0.02897523316913743,-0.1733133912576154,-0.005939742666086755,0.20082375799592336,0.04286608821196887,0.14369655896164563,-0.03310065198976993,0.2641857928844632,0.24124200900178752,0.3167146828114013,0.22152989012284616,0.09652341781316807,0.20308794124223079,0.15387226397732223,0.2901046896165919,0.3515983089866451,0.26474893606553973,0.31758310469426554,0.25657998726777603,0.22604228751512112,0.26473324556275285,0.2852195963573421,0.3631045997207995,0.42802388032549005,0.24044504446976867,1.0,0.22936855676573148,0.3153155236460635,0.257329650008123,0.13822782226258723,0.2563746060313115,-0.007862585645683087,0.09839118919542197,0.3020964632041476,0.03568742392314033,0.43920217142085394,0.3153155236460636,0.15280060399564985,0.3219177411550607,0.21806188960219944,0.15295876763112293,0.1541093978441099,0.09440314569155257,0.2744982688088737
S13,-0.10187595564100826,0.12023844435423012,0.02436969172170587,0.3070756529458279,0.22291784560247618,0.29327271642756036,0.21884374916798865,0.0944504343296498,0.014458730562590812,0.14157488125119588,0.24359740609662361,0.4146664207434321,0.32089592557218377,0.19767165434324507,0.16140238596495268,0.04600208519651742,-0.10491412748280508,-0.21925687353501444,0.12329976628475779,0.10704841706469762,0.08204187848050544,0.21756092224404355,-0.0197715256055609,0.059300406647505854,0.34295336217643557,0.14544253579339966,0.3053638694612012,-0.026104980469965795,0.20428438072322153,0.05140467930733446,0.10011364830701798,0.2394147599024189,0.3688705142368026,0.2679605394480019,0.14816255473774465,0.25779208362858647,0.26858311453894673,-0.03417780785633833,0.4198841470336125,0.368278616094999,0.27401948154739,0.22936855676573148,1.0,0.42533571513248913,0.40196130101358246,0.18976550615954343,0.23956241584854443,0.45987529934253524,0.33755836333255335,0.14607600740825744,0.26512768927563096,0.1644121073062194,0.35886751480116985,0.23797147559281412,0.529852297105383,0.24025168622355497,0.31760705823890967,0.30650071554576785,0.3188763096794665,0.2782242384738302
S14,-0.08470692196863677,0.16823875650431203,0.07132273384457226,0.2676162079173165,0.014583795414032747,0.28755865124903557,0.2034256225731217,-0.007278655556984747,-0.09033357984389455,0.22294020992924332,0.43595301678913595,0.3206688902798081,0.1730280586929487,0.2855946475000752,0.2738571316776084,0.05075386868200152,-0.10930702468567047,-0.23318878215194483,0.19240847597780025,0.012449340587264842,0.14697644242876473,0.347511300207439,0.26059344363051434,0.18164904201448467,0.4246261125169582,0.21000629721530537,0.33205972803094924,0.11385197711672282,0.2699696679120744,0.23014446713303233,0.4488344070705551,0.22223657525287646,0.23658134807418327,0.43883514125678824,0.28556558793920617,0.2742296281957243,0.3836445644919242,0.24681796734927422,0.5244144490415517,0.2949831384561952,0.2870884817967567,0.3153155236460635,0.42533571513248913,1.0,0.41000820193196447,0.2167202180972507,0.32616100923412134,0.27445016084669493,0.22546741859571434,0.21086754656743364,0.2585633775118971,0.3496319279047565,0.382943143812709,0.5301361653232589,0.39866159600739604,0.1736535621475673,0.40053975984568985,0.5550282649362374,0.45162715729854436,0.3629104964631898
S15,0.0552919349893322,0.23634106773903607,0.14460761347317708,0.34267534427311225,0.23429631167522666,0.1909323114037135,0.21402952702282232,0.040455318444676466,-0.03832229165997713,0.24477050461998226,0.13766074556596467,0.33178078154443746,0.03902924336283217,0.2613096523423307,0.24986505531748376,0.08056246588257007,-0.09464515096493209,0.04848245330024819,0.045851802074939926,-0.027463110848845666,0.00839468481973027,0.28787711011728057,0.27407190601906445,0.17326632775241607,0.40387935689758686,0.060301565000143775,0.21528094944422996,0.08851260521085752,0.32608848412447955,0.29805329090679433,0.39225960222705286,0.4001301390379165,0.3167209521375769,0.17402952155438337,0.10314478889716644,0.31108886167552824,0.3934592944932425,0.1147859613692608,0.3616866955994107,0.18900317568397884,0.16303403527289442,0.257329650008123,0.40196130101358246,0.41000820193196447,1.0,0.15362030533089402,0.4361691537856248,0.3467244644909189,0.2999102387004182,0.08681825064620738,0.2166744852435996,0.10148679894833228,0.3089662362798501,0.2862783221584754,0.46679741164401634,0.2388623767580568,0.44594426041666957,0.2735399654998392,0.18699749599431859,0.1707761837225379
V01,-0.055167609880040956,-0.0021130384370124863,-0.047585618258444345,0.08834605900861264,0.22915717910717892,-0.05521757688808721,0.4518972860228749,0.0666174619359397,0.11722464746965741,-0.06529516848027539,0.00574887487474422,0.07735709641590709,-0.04265325636051876,0.20750424207199683,0.13102028586180092,0.10410378966368017,-0.1071869680468839,-0.10269686006141636,0.11211616352657981,0.123023640829975,0.052755236407351365,0.1788394989645452,0.08837298559955198,-0.005415397499617288,0.24703685505197856,0.16568402299339186,0.0686670157808901,-0.17221249774726935,0.07830275590968411,0.24190343197895298,0.20340357979990042,-0.0864645152747237,0.2728523040724729,0.02485412130965878,0.16068682539462548,0.3067559119021789,0.4031283450864792,0.05837119358374296,0.24507289318615044,0.22981071416469576,0.20781553507009973,0.13822782226258723,0.18976550615954343,0.2167202180972507,0.15362030533089402,1.0,0.47084318153510085,0.2196889391908962,0.3570252950525945,0.12837859080162523,0.13827464781834714,0.13947433549703261,0.2464973918409583,0.12380818123514,0.13940418218819942,0.38015642870311556,0.11445789527876536,0.43703285541276327,0.3619247216025571,0.25708615433511633
V02,-0.03617131975473453,0.27901642591195874,0.305623036868904,0.15706883391673415,0.12172581564355987,0.28687978056649655,0.24818081535559489,0.01853543291113431,0.03372633461848087,0.2651315290310405,0.22392150919537823,0.3429118477117168,0.1392072689757188,0.4495008816269217,0.13150892527095026,0.035286001659795695,-0.0005140877920747804,-0.13433399613932323,0.1150497546566598,0.09487722496187158,0.08018073921843094,0.22445817709393096,0.30098490968106634,-0.12789144737518493,0.41846363273666337,0.2944882965590932,0.30737798568872376,-0.08943199353484113,0.41721957296554657,0.40323963975331445,0.19612830259027422,0.17205288940270538,0.08232824322280494,0.21584557171695035,0.13442518421154456,0.4014367216456966,0.4773074850624721,0.08178704291329775,0.34414905655916417,0.2536302393498209,0.1908030860598953,0.2563746060313115,0.23956241584854443,0.32616100923412134,0.4361691537856248,0.47084318153510085,1.0,0.24404835446859643,0.4068024865957444,0.197365130620631,0.13390459378016323,0.32878943333951627,0.3764348050345082,0.3675661174720817,0.38999096201785316,0.31760645115336306,0.3834419599494642,0.4151427970518995,0.34837993055570093,0.157795476347587
V03,-0.027435555296352505,0.12844862726560316,-0.04582581852688885,0.25028667829759776,-0.006563191011618939,0.2531125169266736,-0.053341008870349274,0.013218981018066359,0.06463638876571069,0.07951824301933133,0.21399870892747067,0.15316195505583544,0.08828043696434694,0.07333737071065238,0.08042713520500443,0.08462982969032538,-0.07407589587353794,-0.04354639797401293,0.003146644667661398,0.006805987227891101,0.006462523313859215,0.04907278468844975,0.3312386285961986,0.02712546203514745,0.17484608540300503,0.13808311917830743,0.33572358676223657,-0.004336062780344613,0.2286634711872069,0.2544569805332936,0.16386396054905997,0.19766807304112405,0.3607375889588605,0.23492386895936987,0.08292112696872468,0.18978652092578968,0.23518161280882766,0.08508063563603122,0.4296047844155081,0.08983749300987467,0.056070889450341714,-0.007862585645683087,0.45987529934253524,0.27445016084669493,0.3467244644909189,0.2196889391908962,0.24404835446859643,1.0,0.4248190260986087,0.19295175408855328,0.2413788845817121,0.18795805007455663,0.23710045263228324,0.2751923672623741,0.49160085554347244,0.11458528222016343,0.4284634866763383,0.25837897240228896,0.3208878299871841,0.30692400546432536
V04,-0.005514495117431075,0.030135093789623958,0.18760718338462246,-0.06337875620123816,0.03961450453332499,0.12328135354886932,0.24019601797454299,0.02469366406388897,0.010725203167239766,0.125850986140815,0.24813829526353384,0.228688364374692,0.11509661659131265,0.10931788486084341,0.16277165644976366,-0.0023088267273719885,0.05468677412769918,-0.06559103635390531,-0.05826136142959419,0.01729234448881876,0.0024177051793559815,0.022148743768045646,0.1959664970426014,-0.07249634705971017,0.148195235448552,0.1872228912058506,0.10473019744234778,0.034063097256784816,0.11039038283776414,0.14796501493209674,0.08466110804995026,0.22061365368623823,0.11514916583728615,0.17001029402232504,0.22665455690481845,0.2786448753924378,0.39479880246501164,0.013215727024035645,0.3864133653247542,0.2833192709729069,0.17692604638158158,0.09839118919542197,0.33755836333255335,0.22546741859571434,0.2999102387004182,0.3570252950525945,0.4068024865957444,0.4248190260986087,1.0,0.300594098564299,0.4041289930912515,0.22552845301294233,0.3182282330737305,0.32075471698113206,0.3834221936929997,0.24152184305372124,0.30997930756137243,0.39175480948215025,0.2906886625920343,0.34091838736956737
V05,-0.12911674576378138,-0.10501235423814921,0.11438756591109041,-0.14071172803852217,0.02267098031076582,0.28164140711276003,0.09378063948079925,0.010885196063242647,0.25503325567842394,-0.06565942542104072,0.054279737193477354,0.030961481683536435,0.13769628346762458,-0.1295440895212323,-0.08138513667130703,0.23221133304227715,-0.1637059957804575,-0.24209764218101965,0.20397286443627535,0.19991387342775802,-0.04630057956858445,0.22194171278934163,-0.007051620038248058,0.11692375669099843,0.16660377660615402,0.2539808675730149,0.19570735414271126,-0.10056813906582122,0.19546249929895726,0.3004756049172715,0.015785578241452058,0.3086461281972888,0.22695390454900277,0.37807989618541354,0.17119239033040448,0.44021013910161105,0.32752322157253483,0.170393806295945,0.28924732077132204,0.22482042600909982,0.19810112015089507,0.3020964632041476,0.14607600740825744,0.21086754656743364,0.08681825064620738,0.12837859080162523,0.197365130620631,0.19295175408855328,0.300594098564299,1.0,0.37804813335881043,0.6011392046288908,0.3191259923519743,0.3222903088730922,0.304495996239813,0.2963875954857965,0.3441520182933877,0.22777943195540348,0.3692443907031767,0.344016909231104
V06,-0.04269255952707488,0.019788287786173593,0.06285699726663918,-0.10093042646765735,0.25528999611525616,0.1133857118281875,0.02518753166618585,-0.029869354265617598,-0.0965887015228977,-0.016111834442350103,0.24043607348822071,0.13901208885346214,0.3181317232731256,-0.1634678885139774,0.25255266623404515,0.04818394694276075,-0.05170311898218355,0.028812437830511066,0.08774322397655403,-0.04502910328526677,-0.11508886431121924,0.1794494377130837,0.10858368892862053,-0.0961165299978121,0.11764406603371827,0.22023117325291136,0.15014903502100463,0.1736869627284115,0.10089139974627666,0.21350694509956694,0.13572918447453614,0.07035001083942458,0.17931965860416885,-0.0029250271297524607,0.20898073355422825,0.15152900907976322,0.25853613820656574,-0.017289112308420406,0.27517153318368154,0.1996762482422238,0.4337648840150036,0.03568742392314033,0.26512768927563096,0.2585633775118971,0.2166744852435996,0.13827464781834714,0.13390459378016323,0.2413788845817121,0.4041289930912515,0.37804813335881043,1.0,0.3275567834747144,0.3238258031427811,0.32592991300801466,0.28260500822981954,0.26126310852589957,0.41112810665995003,0.22779182830628752,0.20312394357899444,0.42000746067240613
V07,-0.06426602833014403,-0.025680842176602846,0.36536805320782395,-0.02842993518144533,-0.027180104965604586,0.2196202067057283,0.13475937474010366,0.03955691250790167,0.24642817741355522,0.09934960481912151,0.23077588540015156,0.07048819986857827,0.31205231508252673,-0.07848765372470257,-0.06431019076038624,0.2816997498959338,-0.06378028303452982,-0.14071891698224331,0.10653788619112234,0.369758486233182,0.10000295172454568,0.4640892142916737,0.12807306112609218,0.28951332453722867,0.30549903104258574,0.5312190306088781,0.3402819003815993,0.18919483414699087,0.29265298409380097,0.2722984535550905,0.1540579174066042,0.30868884756195514,0.1514305753029047,0.3079344587590116,0.0860835681666884,0.36558244813913143,0.2741292569715109,0.22256966005660941,0.31973676564496284,0.32509118968327916,0.32400985911442853,0.43920217142085394,0.1644121073062194,0.3496319279047565,0.10148679894833228,0.13947433549703261,0.32878943333951627,0.18795805007455663,0.22552845301294233,0.6011392046288908,0.3275567834747144,1.0,0.6295631831691061,0.4853764532235062,0.39284288141114315,0.18913025346689757,0.45903765143480973,0.3342415836551853,0.47955119761293213,0.38072852071547136
V08,0.011386761430647336,0.11433817331843872,0.20755547831341045,0.1977125744206862,0.09000989527876198,0.07542332775137102,0.22669760740362507,0.1018488394774838,0.060179140504165916,0.16807475895716845,0.2632126354816074,0.14940199754033864,0.31484220104665833,0.16178491745986384,0.11091668785252633,0.07959774469842769,-0.09091973022338816,-0.13919187732456587,0.10152694280919698,0.18875789101050827,0.10381457425917431,0.41324458626604293,0.18687790310970853,0.202202253214023,0.24172006008176244,0.41097764342428,0.2555059511412738,0.19488167433399803,0.22523102196364164,0.2589145412334894,0.12217432505299719,0.21360592708278847,0.1514481852449457,0.16531831062314412,0.10809100073376396,0.394170432364829,0.2672689355657636,0.12882559143323194,0.27537592810446404,0.4447598492631407,0.26315768811315193,0.3153155236460636,0.35886751480116985,0.382943143812709,0.3089662362798501,0.2464973918409583,0.3764348050345082,0.23710045263228324,0.3182282330737305,0.3191259923519743,0.3238258031427811,0.6295631831691061,1.0,0.3636894092271206,0.5994214874488553,0.3003212564590901,0.4405731240205439,0.4357804838633071,0.4046414534193161,0.39410193763961243
V09,-0.12051021604771903,0.053336958975341985,0.36761608521574757,0.1103370694109338,0.014942859420880984,0.3991161831972665,-0.012795854934805015,-0.10896316869705325,-0.001724151385003146,0.13885116337996298,0.13743651687515623,0.2067305494313997,0.07143031950472863,0.1751153497755643,0.12043132737601508,0.14040195521413426,-0.0359714542237819,-0.15363807346647637,0.20466597505934356,0.1348394617604792,0.16681125611546962,0.3633519672670928,0.34262258424038633,0.06623581546784477,0.4646937315830113,0.4127286587034987,0.2687723368033222,0.061955550145705925,0.4547221538442628,0.34669023333972276,0.17426685029037203,0.25746505900312955,0.003816264142117621,0.42476408546614053,0.29332465872032265,0.4008054248955711,0.44041006847504477,0.03586255144100226,0.48741155430850835,0.27076189628440805,0.25419499840406,0.15280060399564985,0.23797147559281412,0.5301361653232589,0.2862783221584754,0.12380818123514,0.3675661174720817,0.2751923672623741,0.32075471698113206,0.3222903088730922,0.32592991300801466,0.4853764532235062,0.3636894092271206,1.0,0.3911680965958885,0.18392071917313801,0.4397178379732951,0.5282754249077481,0.5398503733852064,0.40484058500136116
V10,-0.025221734818150026,0.14908990815571999,0.10109153877157351,0.16710402927794207,0.14416156598533275,0.20745192767376627,0.16238317367392902,0.15886352837253537,-0.09050521081679372,0.28401794962523247,0.36886555780538505,0.324228468070169,0.292094335210002,0.2566854911679487,0.0978358413960454,0.014811418188641068,0.019255614510243678,-0.06270973121996742,0.12520941409624292,0.14716921707310365,0.09033579900742021,0.27436624610693955,0.24894148957080625,0.12660236648392334,0.2434107823793029,0.2627193921568633,0.24410916273238287,0.07835759189504332,0.22424524089421796,0.132667477667725,0.1386460850276048,0.4188486432501,0.25362137525005374,0.2842827291665543,0.1940877537322625,0.5003474580286925,0.32431803886298366,0.15507122165605108,0.4130200878525576,0.2890880782884091,0.07499710198089928,0.3219177411550607,0.529852297105383,0.39866159600739604,0.46679741164401634,0.13940418218819942,0.38999096201785316,0.49160085554347244,0.3834221936929997,0.304495996239813,0.28260500822981954,0.39284288141114315,0.5994214874488553,0.3911680965958885,1.0,0.30276357265542053,0.5790588856217551,0.46270364883259474,0.24168299447926972,0.33857534783665943
V11,0.010430160389467268,0.2186814262081514,0.008313889561279283,0.02063149879639396,0.1827014460913593,0.05551287994975838,0.21679282274283024,0.25887361731442793,0.2323899978772089,-0.08589565702417101,0.19847508958768137,0.03747749898858488,0.14286736926538796,0.20929030361510745,0.13561590345002034,0.10766735907539267,-0.1952327921289092,-0.047244722173494284,0.2212003502057551,0.029898868545189985,0.18077953076210956,0.3313808546017896,-0.003355730188248745,0.12129093691909557,0.24372463394443394,0.08058314459252885,0.20060994322767717,0.02651115135161887,0.13080216850593052,0.25587874433535013,0.21238285615542973,0.09601755048206483,0.35227465888808995,0.08955569043499197,0.16131478169340846,0.47360587443450075,0.31253507951402326,0.04299798033895379,0.36970594585276656,0.4023331070709097,0.22432633398271012,0.21806188960219944,0.24025168622355497,0.1736535621475673,0.2388623767580568,0.38015642870311556,0.31760645115336306,0.11458528222016343,0.24152184305372124,0.2963875954857965,0.26126310852589957,0.18913025346689757,0.3003212564590901,0.18392071917313801,0.30276357265542053,1.0,0.18111741001173004,0.3217476591080287,0.2917073157295335,0.22424918629357865
V12,-0.1582443260782327,0.11364129722801866,0.17671613635867267,0.08975278880745818,0.02857193642968877,0.28865657095637487,0.07149304395329145,0.07230536848406588,-0.01707384442070598,0.14905111483043912,0.24875363789846977,0.18681258830522843,0.23203090972193846,0.22924992582616535,0.037503054238871535,0.1509112171362844,0.055681915550621755,0.05439348319299007,0.07318101442263687,0.30048343479007067,0.09761206728325528,0.2933541022274586,0.2006350290720788,0.21497167500148026,0.2907009925513833,0.17827475253007077,0.23732330876042082,0.07339310997060346,0.2927003784050014,0.28060013632169395,0.158295069117923,0.26657583721761374,0.10943852702337518,0.21709603447899556,0.2632530904997343,0.3161794137735687,0.4119648765436751,0.06623565653347464,0.3664304878356129,0.045119052527573644,0.1802575857248436,0.15295876763112293,0.31760705823890967,0.40053975984568985,0.44594426041666957,0.11445789527876536,0.3834419599494642,0.4284634866763383,0.30997930756137243,0.3441520182933877,0.41112810665995003,0.45903765143480973,0.4405731240205439,0.4397178379732951,0.5790588856217551,0.18111741001173004,1.0,0.42190165766732224,0.43353509735910983,0.3516787398348716
V13,-0.10258386230294547,0.06267571910335473,0.06920653883104685,0.15517879910567017,0.06111155491486437,0.22931105283955455,0.21997958149101712,0.12118884925892734,-0.01518942143076723,0.24250426631628746,0.22362707449150135,0.25120743478677854,0.20421476988706716,0.3597321160801462,0.2029692046948864,-0.010392750390157681,-0.04282441108653394,-0.17705431684646442,0.21209529058682328,0.13291455292794757,0.13926128977713587,0.29454207437032787,0.07349193470272526,0.08769724874398473,0.4265972467109221,0.12611978915103314,0.09656308403955785,-0.10235542177780528,0.14526590888162172,0.17174134053517653,0.13973114680853999,0.08669032256444224,0.08587551433881428,0.2817270365486368,0.29962979790834365,0.4168682283044121,0.3737777035015489,-0.006943774745378877,0.4161879042558337,0.17634299193341604,0.20206609990278923,0.1541093978441099,0.30650071554576785,0.5550282649362374,0.2735399654998392,0.43703285541276327,0.4151427970518995,0.25837897240228896,0.39175480948215025,0.22777943195540348,0.22779182830628752,0.3342415836551853,0.4357804838633071,0.5282754249077481,0.46270364883259474,0.3217476591080287,0.42190165766732224,1.0,0.5056538252160737,0.44122273150489116
V14,-0.050706569292572515,0.06128491870565426,0.17989829455919817,0.09744370373237667,0.1151085752394519,0.2497486142866062,0.22965075050936698,-0.015376110244853181,0.19846997145875092,0.023806792181910917,0.020075202361761704,-0.00655387178550715,0.039506208780535054,0.2028905048990649,0.12689293404582522,0.26357132509855336,-0.11797971291025612,-0.16751312739806185,0.15788011956148243,0.13612882712618155,0.03894960226415771,0.38092435853972584,0.12627515337290543,0.23575543509507543,0.4102814960208012,0.3243747263026443,0.3645195963520381,0.06864931110028391,0.29280691094435285,0.4134574092958926,0.11374001198552582,0.18556763381401642,0.005928934803752842,0.29329423004270655,0.14810515775757335,0.3420558602710883,0.44609406270773383,0.21575422153480142,0.4713928304127725,0.1757977727262328,0.34841362697036926,0.09440314569155257,0.3188763096794665,0.45162715729854436,0.18699749599431859,0.3619247216025571,0.34837993055570093,0.3208878299871841,0.2906886625920343,0.3692443907031767,0.20312394357899444,0.47955119761293213,0.4046414534193161,0.5398503733852064,0.24168299447926972,0.2917073157295335,0.43353509735910983,0.5056538252160737,1.0,0.3582721132246118
V15,-0.08138789960416357,-0.10385765242897198,0.20997519620278346,0.14214141485606782,0.1349988317161077,0.34087974646394004,0.052275935649603957,-0.06020405668601387,0.15851570906178966,0.10395400952609,0.2476330857238698,0.22581869064398657,0.19104572309980858,0.02467326513493725,0.24880329070830198,-0.05571508627268302,0.018518981122798032,-0.08525025107829819,0.108954797181902,0.14802951937156292,0.06918206283151485,0.24637492922490212,0.13931282010933294,0.1546358525703365,0.3172836034339104,0.25940824542923946,0.2595400364426683,0.03706326793808004,0.27662992034457395,0.3817709867538329,0.11964916458817677,0.14329088805974377,0.20179429568570398,0.29358734186739865,0.20459511690160623,0.1801268419188378,0.31156447022457073,0.17948957088600528,0.3352208498986876,0.44140789727462393,0.2720099360500601,0.2744982688088737,0.2782242384738302,0.3629104964631898,0.1707761837225379,0.25708615433511633,0.157795476347587,0.30692400546432536,0.34091838736956737,0.344016909231104,0.42000746067240613,0.38072852071547136,0.39410193763961243,0.40484058500136116,0.33857534783665943,0.22424918629357865,0.3516787398348716,0.44122273150489116,0.3582721132246118,1.0
